INSERT INTO region (id_region,nombre) VALUES (1,'Arica y Parinacota');
INSERT INTO region (id_region,nombre) VALUES (2,'Tarapac√°');
INSERT INTO region (id_region,nombre) VALUES (3,'Antofagasta');
INSERT INTO region (id_region,nombre) VALUES (4,'Atacama');
INSERT INTO region (id_region,nombre) VALUES (5,'Coquimbo');
INSERT INTO region (id_region,nombre) VALUES (6,'Valparaiso');
INSERT INTO region (id_region,nombre) VALUES (7,'Metropolitana de Santiago');
INSERT INTO region (id_region,nombre) VALUES (8,'Libertador General Bernardo O Higgins');
INSERT INTO region (id_region,nombre) VALUES (9,'Maule');
INSERT INTO region (id_region,nombre) VALUES (10,'Biob√≠o');
INSERT INTO region (id_region,nombre) VALUES (11,'La Araucan√≠a');
INSERT INTO region (id_region,nombre) VALUES (12,'Los R√≠os');
INSERT INTO region (id_region,nombre) VALUES (13,'Los Lagos');
INSERT INTO region (id_region,nombre) VALUES (14,'Ais√©n del General Carlos Ib√°√±ez del Campo');
INSERT INTO region (id_region,nombre) VALUES (15,'Magallanes y de la Ant√°rtica Chilena');


INSERT INTO COMUNA (id_comuna,nombre,fk_id_region) values (1,'Arica',1);
INSERT INTO COMUNA (id_comuna,nombre,fk_id_region) values (2,'Camarones',1);
INSERT INTO COMUNA (id_comuna,nombre,fk_id_region) values (3,'General Lagos',1);
INSERT INTO COMUNA (id_comuna,nombre,fk_id_region) values (4,'Putre',1);
INSERT INTO COMUNA (id_comuna,nombre,fk_id_region) values (5,'Alto Hospicio',2);
INSERT INTO COMUNA (id_comuna,nombre,fk_id_region) values (6,'Iquique',2);
INSERT INTO COMUNA (id_comuna,nombre,fk_id_region) values (7,'Cami√±a',2);
INSERT INTO COMUNA (id_comuna,nombre,fk_id_region) values (8,'Colchane',2);
INSERT INTO COMUNA (id_comuna,nombre,fk_id_region) values (9,'Huara',2);
INSERT INTO COMUNA (id_comuna,nombre,fk_id_region) values (10,'Pica',2);
INSERT INTO COMUNA (id_comuna,nombre,fk_id_region) values (11,'Pozo Almonte',2);
INSERT INTO COMUNA (id_comuna,nombre,fk_id_region) values (12,'Antofagasta',3);
INSERT INTO COMUNA (id_comuna,nombre,fk_id_region) values (13,'Mejillones',3);
INSERT INTO COMUNA (id_comuna,nombre,fk_id_region) values (14,'Sierra Gorda',3);
INSERT INTO COMUNA (id_comuna,nombre,fk_id_region) values (15,'Taltal',3);
INSERT INTO COMUNA (id_comuna,nombre,fk_id_region) values (16,'Calama',3);
INSERT INTO COMUNA (id_comuna,nombre,fk_id_region) values (17,'Ollague',3);
INSERT INTO COMUNA (id_comuna,nombre,fk_id_region) values (18,'San Pedro de Atacama',3);
INSERT INTO COMUNA (id_comuna,nombre,fk_id_region) values (19,'Mar√≠a Elena',3);
INSERT INTO COMUNA (id_comuna,nombre,fk_id_region) values (20,'Tocopilla',3);
INSERT INTO COMUNA (id_comuna,nombre,fk_id_region) values (21,'Cha√±aral',4);
INSERT INTO COMUNA (id_comuna,nombre,fk_id_region) values (22,'Diego de Almagro',4);
INSERT INTO COMUNA (id_comuna,nombre,fk_id_region) values (23,'Caldera',4);
INSERT INTO COMUNA (id_comuna,nombre,fk_id_region) values (24,'Copiap√≥',4);
INSERT INTO COMUNA (id_comuna,nombre,fk_id_region) values (25,'Tierra Amarilla',4);
INSERT INTO COMUNA (id_comuna,nombre,fk_id_region) values (26,'Alto del Carmen',4);
INSERT INTO COMUNA (id_comuna,nombre,fk_id_region) values (27,'Freirina',4);
INSERT INTO COMUNA (id_comuna,nombre,fk_id_region) values (28,'Huasco',4);
INSERT INTO COMUNA (id_comuna,nombre,fk_id_region) values (29,'Vallenar',4);
INSERT INTO COMUNA (id_comuna,nombre,fk_id_region) values (30,'Canela',5);
INSERT INTO COMUNA (id_comuna,nombre,fk_id_region) values (31,'Illapel',5);
INSERT INTO COMUNA (id_comuna,nombre,fk_id_region) values (32,'Los Vilos',5);
INSERT INTO COMUNA (id_comuna,nombre,fk_id_region) values (33,'Salamanca',5);
INSERT INTO COMUNA (id_comuna,nombre,fk_id_region) values (34,'Andacollo',5);
INSERT INTO COMUNA (id_comuna,nombre,fk_id_region) values (35,'Coquimbo',5);
INSERT INTO COMUNA (id_comuna,nombre,fk_id_region) values (36,'La Higuera',5);
INSERT INTO COMUNA (id_comuna,nombre,fk_id_region) values (37,'La Serena',5);
INSERT INTO COMUNA (id_comuna,nombre,fk_id_region) values (38,'Paihuaco',5);
INSERT INTO COMUNA (id_comuna,nombre,fk_id_region) values (39,'Vicu√±a',5);
INSERT INTO COMUNA (id_comuna,nombre,fk_id_region) values (40,'Combarbal√°',5);
INSERT INTO COMUNA (id_comuna,nombre,fk_id_region) values (41,'Monte Patria',5);
INSERT INTO COMUNA (id_comuna,nombre,fk_id_region) values (42,'Ovalle',5);
INSERT INTO COMUNA (id_comuna,nombre,fk_id_region) values (43,'Punitaqui',5);
INSERT INTO COMUNA (id_comuna,nombre,fk_id_region) values (44,'R√≠o Hurtado',5);
INSERT INTO COMUNA (id_comuna,nombre,fk_id_region) values (45,'Isla de Pascua',6);
INSERT INTO COMUNA (id_comuna,nombre,fk_id_region) values (46,'Calle Larga',6);
INSERT INTO COMUNA (id_comuna,nombre,fk_id_region) values (47,'Los Andes',6);
INSERT INTO COMUNA (id_comuna,nombre,fk_id_region) values (48,'Rinconada',6);
INSERT INTO COMUNA (id_comuna,nombre,fk_id_region) values (49,'San Esteban',6);
INSERT INTO COMUNA (id_comuna,nombre,fk_id_region) values (50,'La Ligua',6);
INSERT INTO COMUNA (id_comuna,nombre,fk_id_region) values (51,'Papudo',6);
INSERT INTO COMUNA (id_comuna,nombre,fk_id_region) values (52,'Petorca',6);
INSERT INTO COMUNA (id_comuna,nombre,fk_id_region) values (53,'Zapallar',6);
INSERT INTO COMUNA (id_comuna,nombre,fk_id_region) values (54,'Hijuelas',6);
INSERT INTO COMUNA (id_comuna,nombre,fk_id_region) values (55,'La Calera',6);
INSERT INTO COMUNA (id_comuna,nombre,fk_id_region) values (56,'La Cruz',6);
INSERT INTO COMUNA (id_comuna,nombre,fk_id_region) values (57,'Limache',6);
INSERT INTO COMUNA (id_comuna,nombre,fk_id_region) values (58,'Nogales',6);
INSERT INTO COMUNA (id_comuna,nombre,fk_id_region) values (59,'Olmu√©',6);
INSERT INTO COMUNA (id_comuna,nombre,fk_id_region) values (60,'Quillota',6);
INSERT INTO COMUNA (id_comuna,nombre,fk_id_region) values (61,'Algarrobo',6);
INSERT INTO COMUNA (id_comuna,nombre,fk_id_region) values (62,'Cartagena',6);
INSERT INTO COMUNA (id_comuna,nombre,fk_id_region) values (63,'El Quisco',6);
INSERT INTO COMUNA (id_comuna,nombre,fk_id_region) values (64,'El Tabo',6);
INSERT INTO COMUNA (id_comuna,nombre,fk_id_region) values (65,'San Antonio',6);
INSERT INTO COMUNA (id_comuna,nombre,fk_id_region) values (66,'Santo Domingo',6);
INSERT INTO COMUNA (id_comuna,nombre,fk_id_region) values (67,'Catemu',6);
INSERT INTO COMUNA (id_comuna,nombre,fk_id_region) values (68,'Llaillay',6);
INSERT INTO COMUNA (id_comuna,nombre,fk_id_region) values (69,'Panquehue',6);
INSERT INTO COMUNA (id_comuna,nombre,fk_id_region) values (70,'Putaendo',6);
INSERT INTO COMUNA (id_comuna,nombre,fk_id_region) values (71,'San Felipe',6);
INSERT INTO COMUNA (id_comuna,nombre,fk_id_region) values (72,'Santa Mar√≠a',6);
INSERT INTO COMUNA (id_comuna,nombre,fk_id_region) values (73,'Casablanca',6);
INSERT INTO COMUNA (id_comuna,nombre,fk_id_region) values (74,'Conc√≥n',6);
INSERT INTO COMUNA (id_comuna,nombre,fk_id_region) values (75,'Juan Fern√°ndez',6);
INSERT INTO COMUNA (id_comuna,nombre,fk_id_region) values (76,'Puchuncav√≠',6);
INSERT INTO COMUNA (id_comuna,nombre,fk_id_region) values (77,'Quilpu√©',6);
INSERT INTO COMUNA (id_comuna,nombre,fk_id_region) values (78,'Quintero',6);
INSERT INTO COMUNA (id_comuna,nombre,fk_id_region) values (79,'Valpara√≠so',6);
INSERT INTO COMUNA (id_comuna,nombre,fk_id_region) values (80,'Villa Alemana',6);
INSERT INTO COMUNA (id_comuna,nombre,fk_id_region) values (81,'Vi√±a del Mar',6);
INSERT INTO COMUNA (id_comuna,nombre,fk_id_region) values (82,'Colina',7);
INSERT INTO COMUNA (id_comuna,nombre,fk_id_region) values (83,'Lampa',7);
INSERT INTO COMUNA (id_comuna,nombre,fk_id_region) values (84,'Tiltil',7);
INSERT INTO COMUNA (id_comuna,nombre,fk_id_region) values (85,'Pirque',7);
INSERT INTO COMUNA (id_comuna,nombre,fk_id_region) values (86,'Puente Alto',7);
INSERT INTO COMUNA (id_comuna,nombre,fk_id_region) values (87,'San Jos√© de Maipo',7);
INSERT INTO COMUNA (id_comuna,nombre,fk_id_region) values (88,'Buin',7);
INSERT INTO COMUNA (id_comuna,nombre,fk_id_region) values (89,'Calera de Tango',7);
INSERT INTO COMUNA (id_comuna,nombre,fk_id_region) values (90,'Paine',7);
INSERT INTO COMUNA (id_comuna,nombre,fk_id_region) values (91,'San Bernardo',7);
INSERT INTO COMUNA (id_comuna,nombre,fk_id_region) values (92,'Alhu√©',7);
INSERT INTO COMUNA (id_comuna,nombre,fk_id_region) values (93,'Curacav√≠',7);
INSERT INTO COMUNA (id_comuna,nombre,fk_id_region) values (94,'Mar√≠a Pinto',7);
INSERT INTO COMUNA (id_comuna,nombre,fk_id_region) values (95,'Melipilla',7);
INSERT INTO COMUNA (id_comuna,nombre,fk_id_region) values (96,'San Pedro',7);
INSERT INTO COMUNA (id_comuna,nombre,fk_id_region) values (97,'Cerrillos',7);
INSERT INTO COMUNA (id_comuna,nombre,fk_id_region) values (98,'Cerro Navia',7);
INSERT INTO COMUNA (id_comuna,nombre,fk_id_region) values (99,'Conchal√≠',7);
INSERT INTO COMUNA (id_comuna,nombre,fk_id_region) values (100,'El Bosque',7);
INSERT INTO COMUNA (id_comuna,nombre,fk_id_region) values (101,'Estaci√≥n Central',7);
INSERT INTO COMUNA (id_comuna,nombre,fk_id_region) values (102,'Huechuraba',7);
INSERT INTO COMUNA (id_comuna,nombre,fk_id_region) values (103,'Independencia',7);
INSERT INTO COMUNA (id_comuna,nombre,fk_id_region) values (104,'La Cisterna',7);
INSERT INTO COMUNA (id_comuna,nombre,fk_id_region) values (105,'La Granja',7);
INSERT INTO COMUNA (id_comuna,nombre,fk_id_region) values (106,'La Florida',7);
INSERT INTO COMUNA (id_comuna,nombre,fk_id_region) values (107,'La Pintana',7);
INSERT INTO COMUNA (id_comuna,nombre,fk_id_region) values (108,'La Reina',7);
INSERT INTO COMUNA (id_comuna,nombre,fk_id_region) values (109,'Las Condes',7);
INSERT INTO COMUNA (id_comuna,nombre,fk_id_region) values (110,'Lo Barnechea',7);
INSERT INTO COMUNA (id_comuna,nombre,fk_id_region) values (111,'Lo Espejo',7);
INSERT INTO COMUNA (id_comuna,nombre,fk_id_region) values (112,'Lo Prado',7);
INSERT INTO COMUNA (id_comuna,nombre,fk_id_region) values (113,'Macul',7);
INSERT INTO COMUNA (id_comuna,nombre,fk_id_region) values (114,'Maip√∫',7);
INSERT INTO COMUNA (id_comuna,nombre,fk_id_region) values (115,'√ëu√±oa',7);
INSERT INTO COMUNA (id_comuna,nombre,fk_id_region) values (116,'Pedro Aguirre Cerda',7);
INSERT INTO COMUNA (id_comuna,nombre,fk_id_region) values (117,'Pe√±alol√©n',7);
INSERT INTO COMUNA (id_comuna,nombre,fk_id_region) values (118,'Providencia',7);
INSERT INTO COMUNA (id_comuna,nombre,fk_id_region) values (119,'Pudahuel',7);
INSERT INTO COMUNA (id_comuna,nombre,fk_id_region) values (120,'Quilicura',7);
INSERT INTO COMUNA (id_comuna,nombre,fk_id_region) values (121,'Quinta Normal',7);
INSERT INTO COMUNA (id_comuna,nombre,fk_id_region) values (122,'Recoleta',7);
INSERT INTO COMUNA (id_comuna,nombre,fk_id_region) values (123,'Renca',7);
INSERT INTO COMUNA (id_comuna,nombre,fk_id_region) values (124,'San Miguel',7);
INSERT INTO COMUNA (id_comuna,nombre,fk_id_region) values (125,'San Joaqu√≠n',7);
INSERT INTO COMUNA (id_comuna,nombre,fk_id_region) values (126,'San Ram√≥n',7);
INSERT INTO COMUNA (id_comuna,nombre,fk_id_region) values (127,'Santiago',7);
INSERT INTO COMUNA (id_comuna,nombre,fk_id_region) values (128,'Vitacura',7);
INSERT INTO COMUNA (id_comuna,nombre,fk_id_region) values (129,'El Monte',7);
INSERT INTO COMUNA (id_comuna,nombre,fk_id_region) values (130,'Isla de Maipo',7);
INSERT INTO COMUNA (id_comuna,nombre,fk_id_region) values (131,'Padre Hurtado',7);
INSERT INTO COMUNA (id_comuna,nombre,fk_id_region) values (132,'Pe√±aflor',7);
INSERT INTO COMUNA (id_comuna,nombre,fk_id_region) values (133,'Talagante',7);
INSERT INTO COMUNA (id_comuna,nombre,fk_id_region) values (134,'Codegua',8);
INSERT INTO COMUNA (id_comuna,nombre,fk_id_region) values (135,'Co√≠nco',8);
INSERT INTO COMUNA (id_comuna,nombre,fk_id_region) values (136,'Coltauco',8);
INSERT INTO COMUNA (id_comuna,nombre,fk_id_region) values (137,'Do√±ihue',8);
INSERT INTO COMUNA (id_comuna,nombre,fk_id_region) values (138,'Graneros',8);
INSERT INTO COMUNA (id_comuna,nombre,fk_id_region) values (139,'Las Cabras',8);
INSERT INTO COMUNA (id_comuna,nombre,fk_id_region) values (140,'Machal√≠',8);
INSERT INTO COMUNA (id_comuna,nombre,fk_id_region) values (141,'Malloa',8);
INSERT INTO COMUNA (id_comuna,nombre,fk_id_region) values (142,'Mostazal',8);
INSERT INTO COMUNA (id_comuna,nombre,fk_id_region) values (143,'Olivar',8);
INSERT INTO COMUNA (id_comuna,nombre,fk_id_region) values (144,'Peumo',8);
INSERT INTO COMUNA (id_comuna,nombre,fk_id_region) values (145,'Pichidegua',8);
INSERT INTO COMUNA (id_comuna,nombre,fk_id_region) values (146,'Quinta de Tilcoco',8);
INSERT INTO COMUNA (id_comuna,nombre,fk_id_region) values (147,'Rancagua',8);
INSERT INTO COMUNA (id_comuna,nombre,fk_id_region) values (148,'Rengo',8);
INSERT INTO COMUNA (id_comuna,nombre,fk_id_region) values (149,'Requ√≠noa',8);
INSERT INTO COMUNA (id_comuna,nombre,fk_id_region) values (150,'San Vicente de Tagua Tagua',8);
INSERT INTO COMUNA (id_comuna,nombre,fk_id_region) values (151,'La Estrella',8);
INSERT INTO COMUNA (id_comuna,nombre,fk_id_region) values (152,'Litueche',8);
INSERT INTO COMUNA (id_comuna,nombre,fk_id_region) values (153,'Marchihue',8);
INSERT INTO COMUNA (id_comuna,nombre,fk_id_region) values (154,'Navidad',8);
INSERT INTO COMUNA (id_comuna,nombre,fk_id_region) values (155,'Peredones',8);
INSERT INTO COMUNA (id_comuna,nombre,fk_id_region) values (156,'Pichilemu',8);
INSERT INTO COMUNA (id_comuna,nombre,fk_id_region) values (157,'Ch√©pica',8);
INSERT INTO COMUNA (id_comuna,nombre,fk_id_region) values (158,'Chimbarongo',8);
INSERT INTO COMUNA (id_comuna,nombre,fk_id_region) values (159,'Lolol',8);
INSERT INTO COMUNA (id_comuna,nombre,fk_id_region) values (160,'Nancagua',8);
INSERT INTO COMUNA (id_comuna,nombre,fk_id_region) values (161,'Palmilla',8);
INSERT INTO COMUNA (id_comuna,nombre,fk_id_region) values (162,'Peralillo',8);
INSERT INTO COMUNA (id_comuna,nombre,fk_id_region) values (163,'Placilla',8);
INSERT INTO COMUNA (id_comuna,nombre,fk_id_region) values (164,'Pumanque',8);
INSERT INTO COMUNA (id_comuna,nombre,fk_id_region) values (165,'San Fernando',8);
INSERT INTO COMUNA (id_comuna,nombre,fk_id_region) values (166,'Santa Cruz',8);
INSERT INTO COMUNA (id_comuna,nombre,fk_id_region) values (167,'Cauquenes',9);
INSERT INTO COMUNA (id_comuna,nombre,fk_id_region) values (168,'Chanco',9);
INSERT INTO COMUNA (id_comuna,nombre,fk_id_region) values (169,'Pelluhue',9);
INSERT INTO COMUNA (id_comuna,nombre,fk_id_region) values (170,'Curic√≥',9);
INSERT INTO COMUNA (id_comuna,nombre,fk_id_region) values (171,'Huala√±√©',9);
INSERT INTO COMUNA (id_comuna,nombre,fk_id_region) values (172,'Licant√©n',9);
INSERT INTO COMUNA (id_comuna,nombre,fk_id_region) values (173,'Molina',9);
INSERT INTO COMUNA (id_comuna,nombre,fk_id_region) values (174,'Rauco',9);
INSERT INTO COMUNA (id_comuna,nombre,fk_id_region) values (175,'Romeral',9);
INSERT INTO COMUNA (id_comuna,nombre,fk_id_region) values (176,'Sagrada Familia',9);
INSERT INTO COMUNA (id_comuna,nombre,fk_id_region) values (177,'Teno',9);
INSERT INTO COMUNA (id_comuna,nombre,fk_id_region) values (178,'Vichuqu√©n',9);
INSERT INTO COMUNA (id_comuna,nombre,fk_id_region) values (179,'Colb√∫n',9);
INSERT INTO COMUNA (id_comuna,nombre,fk_id_region) values (180,'Linares',9);
INSERT INTO COMUNA (id_comuna,nombre,fk_id_region) values (181,'Longav√≠',9);
INSERT INTO COMUNA (id_comuna,nombre,fk_id_region) values (182,'Parral',9);
INSERT INTO COMUNA (id_comuna,nombre,fk_id_region) values (183,'Retiro',9);
INSERT INTO COMUNA (id_comuna,nombre,fk_id_region) values (184,'San Javier',9);
INSERT INTO COMUNA (id_comuna,nombre,fk_id_region) values (185,'Villa Alegre',9);
INSERT INTO COMUNA (id_comuna,nombre,fk_id_region) values (186,'Yerbas Buenas',9);
INSERT INTO COMUNA (id_comuna,nombre,fk_id_region) values (187,'Constituci√≥n',9);
INSERT INTO COMUNA (id_comuna,nombre,fk_id_region) values (188,'Curepto',9);
INSERT INTO COMUNA (id_comuna,nombre,fk_id_region) values (189,'Empedrado',9);
INSERT INTO COMUNA (id_comuna,nombre,fk_id_region) values (190,'Maule',9);
INSERT INTO COMUNA (id_comuna,nombre,fk_id_region) values (191,'Pelarco',9);
INSERT INTO COMUNA (id_comuna,nombre,fk_id_region) values (192,'Pencahue',9);
INSERT INTO COMUNA (id_comuna,nombre,fk_id_region) values (193,'R√≠o Claro',9);
INSERT INTO COMUNA (id_comuna,nombre,fk_id_region) values (194,'San Clemente',9);
INSERT INTO COMUNA (id_comuna,nombre,fk_id_region) values (195,'San Rafael',9);
INSERT INTO COMUNA (id_comuna,nombre,fk_id_region) values (196,'Talca',9);
INSERT INTO COMUNA (id_comuna,nombre,fk_id_region) values (197,'Arauco',10);
INSERT INTO COMUNA (id_comuna,nombre,fk_id_region) values (198,'Ca√±ete',10);
INSERT INTO COMUNA (id_comuna,nombre,fk_id_region) values (199,'Contulmo',10);
INSERT INTO COMUNA (id_comuna,nombre,fk_id_region) values (200,'Curanilahue',10);
INSERT INTO COMUNA (id_comuna,nombre,fk_id_region) values (201,'Lebu',10);
INSERT INTO COMUNA (id_comuna,nombre,fk_id_region) values (202,'Los √?lamos',10);
INSERT INTO COMUNA (id_comuna,nombre,fk_id_region) values (203,'Tir√∫a',10);
INSERT INTO COMUNA (id_comuna,nombre,fk_id_region) values (204,'Alto Biob√≠o',10);
INSERT INTO COMUNA (id_comuna,nombre,fk_id_region) values (205,'Antuco',10);
INSERT INTO COMUNA (id_comuna,nombre,fk_id_region) values (206,'Cabrero',10);
INSERT INTO COMUNA (id_comuna,nombre,fk_id_region) values (207,'Laja',10);
INSERT INTO COMUNA (id_comuna,nombre,fk_id_region) values (208,'Los √?ngeles',10);
INSERT INTO COMUNA (id_comuna,nombre,fk_id_region) values (209,'Mulch√©n',10);
INSERT INTO COMUNA (id_comuna,nombre,fk_id_region) values (210,'Nacimiento',10);
INSERT INTO COMUNA (id_comuna,nombre,fk_id_region) values (211,'Negrete',10);
INSERT INTO COMUNA (id_comuna,nombre,fk_id_region) values (212,'Quilaco',10);
INSERT INTO COMUNA (id_comuna,nombre,fk_id_region) values (213,'Quilleco',10);
INSERT INTO COMUNA (id_comuna,nombre,fk_id_region) values (214,'San Rosendo',10);
INSERT INTO COMUNA (id_comuna,nombre,fk_id_region) values (215,'Santa B√°rbara',10);
INSERT INTO COMUNA (id_comuna,nombre,fk_id_region) values (216,'Tucapel',10);
INSERT INTO COMUNA (id_comuna,nombre,fk_id_region) values (217,'Yumbel',10);
INSERT INTO COMUNA (id_comuna,nombre,fk_id_region) values (218,'Chiguayante',10);
INSERT INTO COMUNA (id_comuna,nombre,fk_id_region) values (219,'Concepci√≥n',10);
INSERT INTO COMUNA (id_comuna,nombre,fk_id_region) values (220,'Coronel',10);
INSERT INTO COMUNA (id_comuna,nombre,fk_id_region) values (221,'Florida',10);
INSERT INTO COMUNA (id_comuna,nombre,fk_id_region) values (222,'Hualp√©n',10);
INSERT INTO COMUNA (id_comuna,nombre,fk_id_region) values (223,'Hualqui',10);
INSERT INTO COMUNA (id_comuna,nombre,fk_id_region) values (224,'Lota',10);
INSERT INTO COMUNA (id_comuna,nombre,fk_id_region) values (225,'Penco',10);
INSERT INTO COMUNA (id_comuna,nombre,fk_id_region) values (226,'San Pedro de La Paz',10);
INSERT INTO COMUNA (id_comuna,nombre,fk_id_region) values (227,'Santa Juana',10);
INSERT INTO COMUNA (id_comuna,nombre,fk_id_region) values (228,'Talcahuano',10);
INSERT INTO COMUNA (id_comuna,nombre,fk_id_region) values (229,'Tom√©',10);
INSERT INTO COMUNA (id_comuna,nombre,fk_id_region) values (230,'Bulnes',10);
INSERT INTO COMUNA (id_comuna,nombre,fk_id_region) values (231,'Chill√°n',10);
INSERT INTO COMUNA (id_comuna,nombre,fk_id_region) values (232,'Chill√°n Viejo',10);
INSERT INTO COMUNA (id_comuna,nombre,fk_id_region) values (233,'Cobquecura',10);
INSERT INTO COMUNA (id_comuna,nombre,fk_id_region) values (234,'Coelemu',10);
INSERT INTO COMUNA (id_comuna,nombre,fk_id_region) values (235,'Coihueco',10);
INSERT INTO COMUNA (id_comuna,nombre,fk_id_region) values (236,'El Carmen',10);
INSERT INTO COMUNA (id_comuna,nombre,fk_id_region) values (237,'Ninhue',10);
INSERT INTO COMUNA (id_comuna,nombre,fk_id_region) values (238,'√ëiquen',10);
INSERT INTO COMUNA (id_comuna,nombre,fk_id_region) values (239,'Pemuco',10);
INSERT INTO COMUNA (id_comuna,nombre,fk_id_region) values (240,'Pinto',10);
INSERT INTO COMUNA (id_comuna,nombre,fk_id_region) values (241,'Portezuelo',10);
INSERT INTO COMUNA (id_comuna,nombre,fk_id_region) values (242,'Quill√≥n',10);
INSERT INTO COMUNA (id_comuna,nombre,fk_id_region) values (243,'Quirihue',10);
INSERT INTO COMUNA (id_comuna,nombre,fk_id_region) values (244,'R√°nquil',10);
INSERT INTO COMUNA (id_comuna,nombre,fk_id_region) values (245,'San Carlos',10);
INSERT INTO COMUNA (id_comuna,nombre,fk_id_region) values (246,'San Fabi√°n',10);
INSERT INTO COMUNA (id_comuna,nombre,fk_id_region) values (247,'San Ignacio',10);
INSERT INTO COMUNA (id_comuna,nombre,fk_id_region) values (248,'San Nicol√°s',10);
INSERT INTO COMUNA (id_comuna,nombre,fk_id_region) values (249,'Treguaco',10);
INSERT INTO COMUNA (id_comuna,nombre,fk_id_region) values (250,'Yungay',10);
INSERT INTO COMUNA (id_comuna,nombre,fk_id_region) values (251,'Carahue',11);
INSERT INTO COMUNA (id_comuna,nombre,fk_id_region) values (252,'Cholchol',11);
INSERT INTO COMUNA (id_comuna,nombre,fk_id_region) values (253,'Cunco',11);
INSERT INTO COMUNA (id_comuna,nombre,fk_id_region) values (254,'Curarrehue',11);
INSERT INTO COMUNA (id_comuna,nombre,fk_id_region) values (255,'Freire',11);
INSERT INTO COMUNA (id_comuna,nombre,fk_id_region) values (256,'Galvarino',11);
INSERT INTO COMUNA (id_comuna,nombre,fk_id_region) values (257,'Gorbea',11);
INSERT INTO COMUNA (id_comuna,nombre,fk_id_region) values (258,'Lautaro',11);
INSERT INTO COMUNA (id_comuna,nombre,fk_id_region) values (259,'Loncoche',11);
INSERT INTO COMUNA (id_comuna,nombre,fk_id_region) values (260,'Melipeuco',11);
INSERT INTO COMUNA (id_comuna,nombre,fk_id_region) values (261,'Nueva Imperial',11);
INSERT INTO COMUNA (id_comuna,nombre,fk_id_region) values (262,'Padre Las Casas',11);
INSERT INTO COMUNA (id_comuna,nombre,fk_id_region) values (263,'Perquenco',11);
INSERT INTO COMUNA (id_comuna,nombre,fk_id_region) values (264,'Pitrufqu√©n',11);
INSERT INTO COMUNA (id_comuna,nombre,fk_id_region) values (265,'Puc√≥n',11);
INSERT INTO COMUNA (id_comuna,nombre,fk_id_region) values (266,'Saavedra',11);
INSERT INTO COMUNA (id_comuna,nombre,fk_id_region) values (267,'Temuco',11);
INSERT INTO COMUNA (id_comuna,nombre,fk_id_region) values (268,'Teodoro Schmidt',11);
INSERT INTO COMUNA (id_comuna,nombre,fk_id_region) values (269,'Tolt√©n',11);
INSERT INTO COMUNA (id_comuna,nombre,fk_id_region) values (270,'Vilc√∫n',11);
INSERT INTO COMUNA (id_comuna,nombre,fk_id_region) values (271,'Villarrica',11);
INSERT INTO COMUNA (id_comuna,nombre,fk_id_region) values (272,'Angol',11);
INSERT INTO COMUNA (id_comuna,nombre,fk_id_region) values (273,'Collipulli',11);
INSERT INTO COMUNA (id_comuna,nombre,fk_id_region) values (274,'Curacaut√≠n',11);
INSERT INTO COMUNA (id_comuna,nombre,fk_id_region) values (275,'Ercilla',11);
INSERT INTO COMUNA (id_comuna,nombre,fk_id_region) values (276,'Lonquimay',11);
INSERT INTO COMUNA (id_comuna,nombre,fk_id_region) values (277,'Los Sauces',11);
INSERT INTO COMUNA (id_comuna,nombre,fk_id_region) values (278,'Lumaco',11);
INSERT INTO COMUNA (id_comuna,nombre,fk_id_region) values (279,'Pur√©n',11);
INSERT INTO COMUNA (id_comuna,nombre,fk_id_region) values (280,'Renaico',11);
INSERT INTO COMUNA (id_comuna,nombre,fk_id_region) values (281,'Traigu√©n',11);
INSERT INTO COMUNA (id_comuna,nombre,fk_id_region) values (282,'Victoria',11);
INSERT INTO COMUNA (id_comuna,nombre,fk_id_region) values (283,'Corral',12);
INSERT INTO COMUNA (id_comuna,nombre,fk_id_region) values (284,'Lanco',12);
INSERT INTO COMUNA (id_comuna,nombre,fk_id_region) values (285,'Los Lagos',12);
INSERT INTO COMUNA (id_comuna,nombre,fk_id_region) values (286,'M√°fil',12);
INSERT INTO COMUNA (id_comuna,nombre,fk_id_region) values (287,'Mariquina',12);
INSERT INTO COMUNA (id_comuna,nombre,fk_id_region) values (288,'Paillaco',12);
INSERT INTO COMUNA (id_comuna,nombre,fk_id_region) values (289,'Panguipulli',12);
INSERT INTO COMUNA (id_comuna,nombre,fk_id_region) values (290,'Valdivia',12);
INSERT INTO COMUNA (id_comuna,nombre,fk_id_region) values (291,'Futrono',12);
INSERT INTO COMUNA (id_comuna,nombre,fk_id_region) values (292,'La Uni√≥n',12);
INSERT INTO COMUNA (id_comuna,nombre,fk_id_region) values (293,'Lago Ranco',12);
INSERT INTO COMUNA (id_comuna,nombre,fk_id_region) values (294,'R√≠o Bueno',12);
INSERT INTO COMUNA (id_comuna,nombre,fk_id_region) values (295,'Ancud',13);
INSERT INTO COMUNA (id_comuna,nombre,fk_id_region) values (296,'Castro',13);
INSERT INTO COMUNA (id_comuna,nombre,fk_id_region) values (297,'Chonchi',13);
INSERT INTO COMUNA (id_comuna,nombre,fk_id_region) values (298,'Curaco de V√©lez',13);
INSERT INTO COMUNA (id_comuna,nombre,fk_id_region) values (299,'Dalcahue',13);
INSERT INTO COMUNA (id_comuna,nombre,fk_id_region) values (300,'Puqueld√≥n',13);
INSERT INTO COMUNA (id_comuna,nombre,fk_id_region) values (301,'Queil√©n',13);
INSERT INTO COMUNA (id_comuna,nombre,fk_id_region) values (302,'Quemchi',13);
INSERT INTO COMUNA (id_comuna,nombre,fk_id_region) values (303,'Quell√≥n',13);
INSERT INTO COMUNA (id_comuna,nombre,fk_id_region) values (304,'Quinchao',13);
INSERT INTO COMUNA (id_comuna,nombre,fk_id_region) values (305,'Calbuco',13);
INSERT INTO COMUNA (id_comuna,nombre,fk_id_region) values (306,'Cocham√≥',13);
INSERT INTO COMUNA (id_comuna,nombre,fk_id_region) values (307,'Fresia',13);
INSERT INTO COMUNA (id_comuna,nombre,fk_id_region) values (308,'Frutillar',13);
INSERT INTO COMUNA (id_comuna,nombre,fk_id_region) values (309,'Llanquihue',13);
INSERT INTO COMUNA (id_comuna,nombre,fk_id_region) values (310,'Los Muermos',13);
INSERT INTO COMUNA (id_comuna,nombre,fk_id_region) values (311,'Maull√≠n',13);
INSERT INTO COMUNA (id_comuna,nombre,fk_id_region) values (312,'Puerto Montt',13);
INSERT INTO COMUNA (id_comuna,nombre,fk_id_region) values (313,'Puerto Varas',13);
INSERT INTO COMUNA (id_comuna,nombre,fk_id_region) values (314,'Osorno',13);
INSERT INTO COMUNA (id_comuna,nombre,fk_id_region) values (315,'Puero Octay',13);
INSERT INTO COMUNA (id_comuna,nombre,fk_id_region) values (316,'Purranque',13);
INSERT INTO COMUNA (id_comuna,nombre,fk_id_region) values (317,'Puyehue',13);
INSERT INTO COMUNA (id_comuna,nombre,fk_id_region) values (318,'R√≠o Negro',13);
INSERT INTO COMUNA (id_comuna,nombre,fk_id_region) values (319,'San Juan de la Costa',13);
INSERT INTO COMUNA (id_comuna,nombre,fk_id_region) values (320,'San Pablo',13);
INSERT INTO COMUNA (id_comuna,nombre,fk_id_region) values (321,'Chait√©n',13);
INSERT INTO COMUNA (id_comuna,nombre,fk_id_region) values (322,'Futaleuf√∫',13);
INSERT INTO COMUNA (id_comuna,nombre,fk_id_region) values (323,'Hualaihu√©',13);
INSERT INTO COMUNA (id_comuna,nombre,fk_id_region) values (324,'Palena',13);
INSERT INTO COMUNA (id_comuna,nombre,fk_id_region) values (325,'Ais√©n',14);
INSERT INTO COMUNA (id_comuna,nombre,fk_id_region) values (326,'Cisnes',14);
INSERT INTO COMUNA (id_comuna,nombre,fk_id_region) values (327,'Guaitecas',14);
INSERT INTO COMUNA (id_comuna,nombre,fk_id_region) values (328,'Cochrane',14);
INSERT INTO COMUNA (id_comuna,nombre,fk_id_region) values (329,'O\higgins',14);
INSERT INTO COMUNA (id_comuna,nombre,fk_id_region) values (330,'Tortel',14);
INSERT INTO COMUNA (id_comuna,nombre,fk_id_region) values (331,'Coihaique',14);
INSERT INTO COMUNA (id_comuna,nombre,fk_id_region) values (332,'Lago Verde',14);
INSERT INTO COMUNA (id_comuna,nombre,fk_id_region) values (333,'Chile Chico',14);
INSERT INTO COMUNA (id_comuna,nombre,fk_id_region) values (334,'R√≠o Ib√°√±ez',14);
INSERT INTO COMUNA (id_comuna,nombre,fk_id_region) values (335,'Ant√°rtica',15);
INSERT INTO COMUNA (id_comuna,nombre,fk_id_region) values (336,'Cabo de Hornos',15);
INSERT INTO COMUNA (id_comuna,nombre,fk_id_region) values (337,'Laguna Blanca',15);
INSERT INTO COMUNA (id_comuna,nombre,fk_id_region) values (338,'Punta Arenas',15);
INSERT INTO COMUNA (id_comuna,nombre,fk_id_region) values (339,'R√≠o Verde',15);
INSERT INTO COMUNA (id_comuna,nombre,fk_id_region) values (340,'San Gregorio',15);
INSERT INTO COMUNA (id_comuna,nombre,fk_id_region) values (341,'Porvenir',15);
INSERT INTO COMUNA (id_comuna,nombre,fk_id_region) values (342,'Primavera',15);
INSERT INTO COMUNA (id_comuna,nombre,fk_id_region) values (343,'Timaukel',15);
INSERT INTO COMUNA (id_comuna,nombre,fk_id_region) values (344,'Natales',15);
INSERT INTO COMUNA (id_comuna,nombre,fk_id_region) values (345,'Torres del Paine',15);


INSERT INTO IMPLEMENTOS_DEPARTAMENTO(id_implemento,nombre_implemento,valor_implemento) values(1,'Sof√°',150000);
INSERT INTO IMPLEMENTOS_DEPARTAMENTO(id_implemento,nombre_implemento,valor_implemento) values(3,'Televisor',170000);
INSERT INTO IMPLEMENTOS_DEPARTAMENTO(id_implemento,nombre_implemento,valor_implemento) values(2,'Puf',23000);
INSERT INTO IMPLEMENTOS_DEPARTAMENTO(id_implemento,nombre_implemento,valor_implemento) values(4,'Mesa',30000);
INSERT INTO IMPLEMENTOS_DEPARTAMENTO(id_implemento,nombre_implemento,valor_implemento) values(5,'Jarron',7000);
INSERT INTO IMPLEMENTOS_DEPARTAMENTO(id_implemento,nombre_implemento,valor_implemento) values(6,'Minibar',45000);


INSERT INTO AREA_EDIFICIO(id_area_edificio,nombre_implemento) values(1,'Piscina');
INSERT INTO AREA_EDIFICIO(id_area_edificio,nombre_implemento) values(2,'Restaurante');
INSERT INTO AREA_EDIFICIO(id_area_edificio,nombre_implemento) values(3,'Gimnasio');
INSERT INTO AREA_EDIFICIO(id_area_edificio,nombre_implemento) values(4,'Casino');
INSERT INTO AREA_EDIFICIO(id_area_edificio,nombre_implemento) values(5,'Spa');
INSERT INTO AREA_EDIFICIO(id_area_edificio,nombre_implemento) values(6,'Comedor');



INSERT INTO CHOFER(id_chofer,nombre,rut,telefono,foto) values(1,'Leandro Lagos','19546836-6',12345678,'Foto Leandrito');
INSERT INTO CHOFER(id_chofer,nombre,rut,telefono,foto) values(2,'Pablo Salda√±a','12857362-2',12345678,'Foto Salda√±a');



INSERT INTO GUIA_TURISTICO(id_guia,nombre,rut,telefono,foto) values(1,'Juan Carrasco','19546836-6',12345678,'Foto Juan');
INSERT INTO GUIA_TURISTICO(id_guia,nombre,rut,telefono,foto) values(2,'Esteban Paredes','19546836-6',12345678,'Foto Esteban');



INSERT INTO ENCARGADO(id_encargado,nombre,rut,telefono,foto) values(1,'Felipe Vidal','19546836-6',12345678,'Foto Felipe');
INSERT INTO ENCARGADO(id_encargado,nombre,rut,telefono,foto) values(2,'Jonatan Mu√±oz','19546836-6',12345678,'Foto Jonatan');



INSERT INTO MARCA(id_marca,nombre) values(1,'Hyundai');



INSERT INTO MODELO(id_modelo,nombre,fk_id_marca) values(1,'Accent',1);



INSERT INTO VEHICULO(id_vehiculo,puertas,maleta,patente,fk_id_modelo) values(1,5,'S','ASDF34',1);



INSERT INTO ESTADO(id_Estado,nombre,descripcion) values(1,'Disponible','El apartamento esta disponible para su arriendo');
INSERT INTO ESTADO(id_Estado,nombre,descripcion) values(2,'Ocupado','El apartamento no esta disponible para su arriendo');
INSERT INTO ESTADO(id_Estado,nombre,descripcion) values(3,'Mantenimiento','El apartamento se ecuentra en mantimiento o realizando mejoras');
INSERT INTO ESTADO(id_Estado,nombre,descripcion) values(4,'Reservado','El apartamento se encuentra reservado');
INSERT INTO ESTADO(id_Estado,nombre,descripcion) values(5,'Reparaci√≥n','El apartamento se encuentra en reparaci√≥n');


INSERT INTO TIPO_USUARIO(id_tipo_usu,nombre_tipo_usuario) values(1,'Cliente');
INSERT INTO TIPO_USUARIO(id_tipo_usu,nombre_tipo_usuario) values(2,'Administrador');
INSERT INTO TIPO_USUARIO(id_tipo_usu,nombre_tipo_usuario) values(3,'Funcionario');



INSERT INTO TIPO_MULTAS(id_multas,nombre,descripcion_multa,monto,interes) values(1,'Ruidos Molestos','Se generan ruidos molestos dentro del apartamento',100000,1.2);
INSERT INTO TIPO_MULTAS(id_multas,nombre,descripcion_multa,monto,interes) values(2,'Da√±os Menores de Estructura','Se producieron da√±os menores a la estructura del apartamento',150000,1.2);



INSERT INTO ESTADO_PAGO(id_estado,nombre) values(1,'Pagado');
INSERT INTO ESTADO_PAGO(id_estado,nombre) values(2,'No pagado');
INSERT INTO ESTADO_PAGO(id_estado,nombre) values(3,'Por pagar');
INSERT INTO ESTADO_PAGO(id_estado,nombre) values(4,'Medio pagar');


INSERT INTO TIPO_PAGO(id_tipo,nombre) values(1,'Transferencia');
INSERT INTO TIPO_PAGO(id_tipo,nombre) values(2,'Tarjeta de Credito');



INSERT INTO SERVICIOS_DEPA(id_servi_depa,nombre,descripcion) values(1,'Aire Acondicionado','La habitacion cuenta con aire acondicionado');
INSERT INTO SERVICIOS_DEPA(id_servi_depa,nombre,descripcion) values(2,'Wifi','La habitacion cuenta con se√±al wifi para conectarse a internet');
INSERT INTO SERVICIOS_DEPA(id_servi_depa,nombre,descripcion) values(3,'TV Cable','La habitacion cuenta con televisio  por cable');
INSERT INTO SERVICIOS_DEPA(id_servi_depa,nombre,descripcion) values(4,'Agua Caliente','La habitacion cuenta con agua caliente con la habitacion de ba√±o');



INSERT INTO EDIFICIO(id_edificio,nombre,direccion_edificio,telefono,fk_id_comuna) values(1,'Turismo Real Pescadito','Avenida PlayaPescadito #1647',73547846,83);



INSERT INTO DEPARTAMENTO(id_departamento,numero_habitacion,numero_habitaciones,metros_cuadrados,banios,piso,precio_noche,fk_id_edificio,fk_id_estado) values(1,32,2,500,1,2,12000,1,1);
INSERT INTO DEPARTAMENTO(id_departamento,numero_habitacion,numero_habitaciones,metros_cuadrados,banios,piso,precio_noche,fk_id_edificio,fk_id_estado) values(2,33,2,500,1,2,12000,1,2);
INSERT INTO DEPARTAMENTO(id_departamento,numero_habitacion,numero_habitaciones,metros_cuadrados,banios,piso,precio_noche,fk_id_edificio,fk_id_estado) values(3,34,2,500,1,2,12000,1,2);
INSERT INTO DEPARTAMENTO(id_departamento,numero_habitacion,numero_habitaciones,metros_cuadrados,banios,piso,precio_noche,fk_id_edificio,fk_id_estado) values(4,35,2,500,1,2,12000,1,1);



INSERT INTO TRANSPORTE(id_transporte,nombre_transporte,descripcion_transporte,lugar_salida,lugar_llegada,salida,llegada,valor,fk_id_edificio) VALUES (1,'El voy y vuelvo','Servicio de transporte desde el edificio hasta el terminal/aeropuerto','Aeropuerto','Edificio',TO_DATE('28/09/2020','dd/mm/yyyy'),TO_DATE('28/09/2020','dd/mm/yyyy'),7000,1);




INSERT INTO SERVICIO_EXTRA(id_servicio_extra,nombre,descripcion,valor,fk_id_encargado,fk_id_edificio) values(1,'Paseo','Paseo por la zona',15000,1,1);



INSERT INTO TOUR(id_turismo,nombre,descripcion,lugar_visita,valor,fecha_salida,fecha_llegada,fk_id_edificio,fk_id_guia) values (1,'Tur','Tur a la playita de pana','Playita fondo de bikini',10000,TO_DATE('28/09/2020','dd/mm/yyyy'),TO_DATE('28/09/2020','dd/mm/yyyy'),1,1);




INSERT INTO CHECK_OUT(id_check_out,fecha_hora,validado) values (1,TO_DATE('28/09/2020','dd/mm/yyyy'),'S');



INSERT INTO USUARIO(id_usu,nombre,contrasenia,email,foto,rut,direccion,telefono,fk_id_tipo_usu) values(1,'Felipe Soto','infloglobosconlaboca','pipeuchiha2005@gmail.com','mi fotito','19645364-9','Av SiempreViva','73564783',1);



INSERT INTO ARRIENDO(id_arriendo,fecha_desde,fecha_hasta,acompaniantes,precio,fk_id_departamento,fk_id_turismo,fk_id_check_out,fk_id_servicio_extra,fk_id_usu) values(1,TO_DATE('28/09/2020','dd/mm/yyyy'),TO_DATE('29/09/2020','dd/mm/yyyy'),2,50000,1,1,1,1,1);

INSERT INTO SERVICIO_DE_TRANSPORTE(id_servicio_transporte,fk_id_vehiculo,fk_id_chofer,fk_id_arriendo,fk_id_transporte) values(1,1,1,1,1);

INSERT INTO CHECK_IN(id_check_in,fecha_hora,validado,fk_id_arriendo) values (1,TO_DATE('28/09/2020','dd/mm/yyyy'),'S',1);



INSERT INTO MULTA(id_multa,fecha_creacion,periodo_de_gracia,fecha_expiracion_del_pago,fk_id_multas,fk_id_arriendo)values(1,TO_DATE('28/09/2020','dd/mm/yyyy'),5,TO_DATE('29/09/2020','dd/mm/yyyy'),1,1);



INSERT INTO PAGO(id_pago,monto,fk_id_tipo,fk_id_arriendo,fk_id_estado)values(1,70000,1,1,1);



INSERT INTO DETALLE_PAGO(id_detalle_pago,codigo,fk_id_pago) values(1,'a6sd7sdghs8',1);



commit;